category,subcategory,market_size_usd,growth_rate_percent,commission_structure,conversion_rate_percent,average_order_value_usd,competition_level,audience_demographics,psychological_triggers,content_strategy,seasonal_trends,emerging_trends
Telehealth,General Men's Health,250000000000,22.9,10-30% per sale,2.8,120,Medium,"Males 25-55, tech-savvy, privacy-conscious","Privacy, convenience, discretion, time-saving","Educational content, testimonials, before/after, doctor endorsements","Year-round demand, slight increase Jan-Mar","AI diagnosis, personalized treatment plans"
Telehealth,Sexual Health,85000000000,18.5,15-25% per sale + recurring,3.5,150,Medium-High,"Males 30-65, married, urban","Privacy, discretion, efficacy guarantees, clinical evidence","Educational content, clinical studies, testimonials","Consistent year-round, slight increase around Valentine's Day","Personalized medicine, subscription models"
Telehealth,Mental Health,42000000000,24.7,$150-170 per signup,4.2,175,Low-Medium,"Males 18-45, professional, high-stress jobs","Solution-focused, stigma reduction, convenience","Video testimonials, expert interviews, statistics-based content","Peaks during high-stress periods (Dec-Jan, Apr-May)","AI therapists, VR therapy sessions"
Telehealth,Hair Loss,15000000000,15.3,15-25% per sale + recurring,4.8,95,Medium,"Males 25-55, appearance-conscious","Fear of aging, social confidence, proven results","Before/after photos, scientific explanations, celebrity endorsements","Consistent year-round, slight increase before summer","3D-printed hair solutions, stem cell research"
Supplements,Testosterone Boosters,75090000000,9.8,50-75% per sale,7.37,138,High,"Males 30-55, fitness-conscious, aging concerns","Performance enhancement, anti-aging, energy, virility","Scientific content, testimonials, fitness influencers","January (resolutions), pre-summer (Apr-May)","Personalized formulations, hormone testing integration"
Supplements,Nootropics,4180000000,9.0,40-60% per sale,5.6,85,Medium,"Males 25-45, professionals, students","Cognitive performance, competitive edge, productivity","Scientific studies, productivity case studies, influencer reviews","Back-to-school (Aug-Sep), New Year (Jan)","AI-personalized stacks, biomarker testing"
Supplements,Adaptogens,3250000000,15.5,45-65% per sale,4.9,75,Low-Medium,"Males 28-50, health-conscious, stressed professionals","Stress reduction, holistic health, natural ingredients","Educational content, stress management guides, holistic approach","Stress peaks (Dec-Jan, Apr-May)","Personalized stress response profiles, microbiome integration"
Supplements,Protein/Workout,38700000000,8.2,25-40% per sale,3.2,65,Very High,"Males 18-45, fitness enthusiasts, athletes","Muscle growth, recovery, performance, visible results","Workout guides, transformation stories, fitness influencers","January (resolutions), pre-summer (Mar-May)","Personalized protein formulations, microbiome optimization"
Fitness,Connected Equipment,12500000000,31.7,8-12% per sale,2.1,1800,Medium,"Males 25-55, tech-savvy, higher income","Convenience, efficiency, tech innovation, data-driven","Video demonstrations, comparison reviews, tech showcases","Holiday season (Nov-Dec), New Year (Jan)","VR integration, AI coaching, social connectivity"
Fitness,VR Fitness,4700000000,38.2,15-30% per sale,3.8,450,Low,"Males 18-45, gamers, tech enthusiasts","Fun, gamification, novelty, invisible exercise","Video gameplay, calorie-burning stats, comparison to traditional exercise","Holiday gift season (Nov-Dec), New Year (Jan-Feb)","Full-body haptic feedback, competitive leagues"
Fitness,Home Gym Equipment,21300000000,12.5,5-10% per sale,1.8,2200,High,"Males 30-55, homeowners, busy professionals","Space efficiency, time-saving, long-term investment","Home gym setup guides, space-saving solutions, ROI vs. gym membership","New Year (Jan), pre-summer (Mar-Apr)","Smart equipment ecosystem, space-efficient designs"
Fitness,Wearable Tech,38900000000,15.8,6-12% per sale,4.5,280,High,"Males 25-50, tech-savvy, health-conscious","Data-driven decisions, optimization, progress tracking","Data analysis guides, comparison reviews, integration tutorials","Holiday gifts (Dec), New Year (Jan), Father's Day","Biometric continuous monitoring, predictive health alerts"
Grooming,Skincare,28500000000,9.8,15-25% per sale,5.2,85,Medium,"Males 25-45, appearance-conscious, urban","Simplicity, efficiency, subtle enhancement, anti-aging","Educational content, simple routines, masculine packaging focus","Pre-summer (Apr-May), holiday season (Nov-Dec)","Personalized skincare based on environmental factors"
Grooming,Subscription Boxes,5800000000,9.8,15-25% per sale + recurring,6.8,35,Medium,"Males 25-40, urban, professionals","Discovery, convenience, curation, surprise element","Unboxing videos, lifestyle content, convenience messaging","Father's Day (Jun), holiday gifts (Dec)","Fully customized boxes, algorithm-driven product selection"
Grooming,Premium Shaving,9750000000,7.2,10-20% per sale,5.7,120,High,"Males 30-55, traditionalists, luxury-oriented","Quality, craftsmanship, ritual, heritage","Tutorial videos, luxury positioning, heritage storytelling","Father's Day (Jun), holiday gifts (Dec)","Sustainable materials, tech-enhanced traditional tools"
Grooming,Hair Products,15800000000,8.5,12-25% per sale,4.8,45,High,"Males 18-45, style-conscious","Social confidence, self-expression, simplicity","Style guides, tutorial videos, influencer partnerships","Pre-summer (Apr-May), back-to-school (Aug-Sep)","Personalized formulations, environmental protection"
Apparel,Performance Wear,38500000000,6.2,8-15% per sale,3.1,95,Very High,"Males 18-50, active lifestyle","Performance enhancement, comfort, style, durability","Active lifestyle content, performance comparisons, fashion integration","Seasonal (depending on activity), New Year (Jan)","Biometric-integrated fabrics, adaptive materials"
Apparel,Athleisure,12800000000,7.5,10-18% per sale,3.6,110,High,"Males 25-45, urban, style-conscious","Versatility, comfort, status signaling, performance","Lifestyle content, versatility showcases, workplace integration","Back-to-school (Aug-Sep), holiday gifts (Dec)","Smart fabrics, temperature regulation, antimicrobial properties"
Sleep,Tech Devices,15900000000,14.2,10-20% per sale,4.2,280,Medium,"Males 30-55, professionals, health-conscious","Performance optimization, recovery, health benefits","Scientific content, sleep quality data, productivity links","New Year (Jan), Fall (Sep-Oct)","AI sleep optimization, circadian rhythm personalization"
Sleep,Supplements,4200000000,12.8,40-60% per sale,5.9,65,Medium,"Males 35-65, stress-affected, health-conscious","Natural solutions, recovery, performance enhancement","Educational content on sleep science, recovery focus","Fall/Winter (Oct-Feb)","Personalized sleep formulations, chronotype optimization"
Mental Wellness,Digital Platforms,18500000000,22.5,$100-150 per signup,3.8,125,Low-Medium,"Males 25-50, professionals, high-stress","Stigma reduction, privacy, performance optimization","Stress statistics, scientific content, normalization messaging","High-stress periods (Dec-Jan, Apr-May)","AI therapy assistance, corporate wellness integration"
Mental Wellness,Supplements,6800000000,15.8,45-65% per sale,5.4,75,Medium,"Males 30-55, health-conscious","Natural solutions, cognitive performance, stress reduction","Educational content, stress-management guides","Consistent year-round, slight increase during high-stress periods","Personalized formulations, biomarker integration"